company,ticker,cik,filing_date,period,revenue_reported,eps_diluted,net_income
Apple Inc.,AAPL,0000320193,2026-07-30,fiscal 2026 third quarter,109400,2.02,29789
Apple Inc.,AAPL,0000320193,2026-04-30,fiscal 2026 second quarter,111200,2.01,29578
Apple Inc.,AAPL,0000320193,2026-01-29,fiscal 2026 first quarter,143800,2.84,42097
Apple Inc.,AAPL,0000320193,2025-10-30,fiscal 2025 fourth quarter,102500,1.85,27466
Microsoft Corporation,MSFT,0000789019,2026-07-29,fourth quarter of fiscal year 2026,90000,4.81,35800
Microsoft Corporation,MSFT,0000789019,2026-04-29,third quarter of fiscal year 2026,82900,4.27,31800
Microsoft Corporation,MSFT,0000789019,2026-01-28,second quarter of fiscal year 2026,81300,5.16,38500
Microsoft Corporation,MSFT,0000789019,2025-10-29,first quarter of fiscal year 2026,77700,3.72,27700
NVIDIA Corporation,NVDA,0001045810,2026-08-26,Second Quarter Fiscal 2027,96200,2.46,59688
NVIDIA Corporation,NVDA,0001045810,2026-05-20,First Quarter Fiscal 2027,81600,2.39,58321
NVIDIA Corporation,NVDA,0001045810,2026-02-25,Fourth Quarter and Fiscal 2026,68100,1.76,42960
NVIDIA Corporation,NVDA,0001045810,2025-11-19,Third Quarter Fiscal 2026,57000,1.3,31910
JPMorgan Chase & Co.,JPM,0000019617,2026-07-14,SECOND QUARTER 2026,57300,7.7,21200
JPMorgan Chase & Co.,JPM,0000019617,2026-04-14,FIRST QUARTER 2026,49800,5.94,16500
JPMorgan Chase & Co.,JPM,0000019617,2026-01-13,FOURTH QUARTER 2025,45800,4.63,13000
JPMorgan Chase & Co.,JPM,0000019617,2025-10-14,THIRD QUARTER 2025,46400,5.07,14400
Walmart Inc.,WMT,0000104169,2026-08-20,Q2 FY27,187900,0.8,6366
Walmart Inc.,WMT,0000104169,2026-05-21,Q1 FY27,177800,0.67,5330
Walmart Inc.,WMT,0000104169,2026-02-19,Q4 FY26,190700,0.53,4237
Walmart Inc.,WMT,0000104169,2025-11-20,Q3 FY26,179500,0.77,6143
